Participant,Trial no.,Colour,Position,North Accuracy,South Accuracy,R,Y,B
ZW1,1,blue,20,hit,hit,4,7,9
ZW1,2,yellow,20,miss,hit,4,7,9
ZW1,3,red,20,miss,hit,4,7,9
ZW1,4,blue,20,miss,hit,4,7,9
ZW1,5,red,20,miss,hit,4,7,9
ZW1,6,yellow,20,hit,hit,4,7,9
ZW1,7,red,20,hit,hit,4,7,9
ZW1,8,blue,20,hit,hit,4,7,9
ZW1,9,yellow,20,miss,hit,4,7,9
ZW1,10,blue,20,hit,miss,4,7,9
ZW1,11,yellow,20,hit,hit,4,7,9
ZW1,12,blue,20,hit,miss,4,7,9
ZW1,13,red,20,hit,hit,4,7,9
ZW1,14,yellow,20,hit,hit,4,7,9
ZW1,15,blue,20,hit,miss,4,7,9
ZW1,16,red,20,hit,hit,4,7,9
ZW1,17,blue,20,miss,hit,4,7,9
ZW1,18,yellow,20,hit,hit,4,7,9
ZW1,19,red,20,hit,hit,4,7,9
ZW1,20,yellow,20,hit,miss,4,7,9
ZW1,21,blue,20,hit,hit,4,7,9
ZW1,22,red,20,hit,hit,4,7,9
ZW1,23,blue,20,miss,miss,4,7,9
ZW1,24,yellow,20,miss,miss,4,7,9
ZW1,25,yellow,20,miss,hit,4,7,9
ZW1,26,red,20,hit,hit,4,7,9
ZW1,27,red,20,hit,hit,4,7,9
ZW1,28,blue,20,miss,hit,4,7,9
ZW1,29,yellow,20,miss,hit,4,7,9
ZW1,30,red,20,hit,hit,4,7,9
ZW1,31,blue,20,miss,hit,4,7,9
ZW1,32,red,20,hit,hit,4,7,9
ZW1,33,blue,20,hit,hit,4,7,9
ZW1,34,yellow,20,hit,miss,4,7,9
ZW1,35,blue,20,hit,hit,4,7,9
ZW1,36,red,20,hit,hit,4,7,9
ZW1,1,blue,20,miss,miss,8,10,12
ZW1,2,red,20,hit,hit,8,10,12
ZW1,3,yellow,20,miss,miss,8,10,12
ZW1,4,red,20,miss,miss,8,10,12
ZW1,5,yellow,20,hit,hit,8,10,12
ZW1,6,blue,20,miss,miss,8,10,12
ZW1,7,red,20,miss,hit,8,10,12
ZW1,8,red,20,hit,miss,8,10,12
ZW1,9,blue,20,miss,hit,8,10,12
ZW1,10,yellow,20,miss,miss,8,10,12
ZW1,11,blue,20,miss,hit,8,10,12
ZW1,12,blue,20,miss,miss,8,10,12
ZW1,13,yellow,20,miss,hit,8,10,12
ZW1,14,yellow,20,hit,hit,8,10,12
ZW1,15,red,20,hit,hit,8,10,12
ZW1,16,red,20,hit,miss,8,10,12
ZW1,17,blue,20,miss,hit,8,10,12
ZW1,18,blue,20,hit,miss,8,10,12
ZW1,19,yellow,20,miss,miss,8,10,12
ZW1,20,red,20,hit,hit,8,10,12
ZW1,21,blue,20,hit,miss,8,10,12
ZW1,22,yellow,20,hit,miss,8,10,12
ZW1,23,blue,20,hit,hit,8,10,12
ZW1,24,yellow,20,miss,hit,8,10,12
ZW1,25,blue,20,miss,miss,8,10,12
ZW1,26,red,20,hit,hit,8,10,12
ZW1,27,blue,20,miss,miss,8,10,12
ZW1,28,blue,20,miss,miss,8,10,12
ZW1,29,yellow,20,hit,hit,8,10,12
ZW1,30,red,20,hit,miss,8,10,12
ZW1,31,blue,20,hit,miss,8,10,12
ZW1,32,yellow,20,hit,miss,8,10,12
ZW1,33,blue,20,miss,miss,8,10,12
ZW1,34,yellow,20,miss,hit,8,10,12
ZW1,35,red,20,miss,hit,8,10,12
ZW1,36,red,20,hit,hit,8,10,12
ZW2,1,yellow,17,miss,miss,10,12,15
ZW2,2,red,18,miss,miss,10,12,15
ZW2,3,blue,18,hit,miss,10,12,15
ZW2,4,red,24,miss,hit,10,12,15
ZW2,5,red,26,miss,hit,10,12,15
ZW2,6,red,20,miss,miss,10,12,15
ZW2,7,blue,16,miss,miss,10,12,15
ZW2,8,blue,18,miss,hit,10,12,15
ZW2,9,blue,24,miss,miss,10,12,15
ZW2,10,blue,18,miss,miss,10,12,15
ZW2,11,red,16,miss,miss,10,12,15
ZW2,12,blue,22,miss,miss,10,12,15
ZW2,13,red,18,hit,miss,10,12,15
ZW2,14,blue,24,miss,miss,10,12,15
ZW2,15,red,18,miss,miss,10,12,15
ZW2,16,red,14,hit,miss,10,12,15
ZW2,17,blue,26,miss,hit,10,12,15
ZW2,18,blue,26,miss,miss,10,12,15
ZW2,19,red,16,miss,miss,10,12,15
ZW2,20,blue,22,miss,miss,10,12,15
ZW2,21,red,16,hit,hit,10,12,15
ZW2,22,blue,16,miss,miss,10,12,15
ZW2,23,red,24,miss,miss,10,12,15
ZW2,24,blue,24,miss,miss,10,12,15
ZW2,25,yellow,14,hit,miss,10,12,15
ZW2,26,blue,26,miss,hit,10,12,15
ZW2,27,blue,16,miss,miss,10,12,15
ZW2,28,blue,26,miss,miss,10,12,15
ZW2,29,yellow,16,hit,miss,10,12,15
ZW2,30,red,16,hit,miss,10,12,15
ZW2,31,blue,26,miss,miss,10,12,15
ZW2,32,red,14,hit,miss,10,12,15
ZW2,33,yellow,18,miss,miss,10,12,15
ZW2,34,red,26,miss,hit,10,12,15
ZW2,35,blue,14,miss,miss,10,12,15
ZW2,36,blue,24,miss,miss,10,12,15
ZW2,1,blue,20,hit,miss,5,9,11
ZW2,2,yellow,18,hit,hit,5,9,11
ZW2,3,blue,18,miss,miss,5,9,11
ZW2,4,red,22,hit,hit,5,9,11
ZW2,5,yellow,22,miss,hit,5,9,11
ZW2,6,blue,18,miss,miss,5,9,11
ZW2,7,red,22,miss,hit,5,9,11
ZW2,8,blue,18,miss,miss,5,9,11
ZW2,9,red,18,hit,miss,5,9,11
ZW2,10,red,18,hit,hit,5,9,11
ZW2,11,blue,18,miss,miss,5,9,11
ZW2,12,yellow,24,miss,hit,5,9,11
ZW2,13,blue,16,miss,miss,5,9,11
ZW2,14,yellow,22,miss,miss,5,9,11
ZW2,15,red,16,miss,miss,5,9,11
ZW2,16,blue,20,miss,miss,5,9,11
ZW2,17,blue,16,hit,miss,5,9,11
ZW2,18,red,16,hit,miss,5,9,11
ZW2,19,blue,24,miss,miss,5,9,11
ZW2,20,blue,24,hit,miss,5,9,11
ZW2,21,yellow,18,hit,miss,5,9,11
ZW2,22,red,18,hit,miss,5,9,11
ZW2,23,yellow,22,miss,hit,5,9,11
ZW2,24,red,22,miss,hit,5,9,11
ZW2,25,blue,22,miss,miss,5,9,11
ZW2,26,red,22,miss,hit,5,9,11
ZW2,27,red,18,hit,hit,5,9,11
ZW2,28,yellow,18,hit,miss,5,9,11
ZW2,29,yellow,18,miss,miss,5,9,11
ZW2,30,red,18,hit,hit,5,9,11
ZW2,31,blue,24,miss,miss,5,9,11
ZW2,32,blue,24,miss,miss,5,9,11
ZW2,33,yellow,22,miss,miss,5,9,11
ZW2,34,blue,22,miss,miss,5,9,11
ZW2,35,yellow,16,hit,miss,5,9,11
ZW2,36,blue,16,miss,hit,5,9,11
ZW3,1,red,24,hit,hit,5,9,11
ZW3,2,yellow,14,hit,hit,5,9,11
ZW3,3,blue,22,miss,miss,5,9,11
ZW3,4,red,24,hit,hit,5,9,11
ZW3,5,blue,20,miss,miss,5,9,11
ZW3,6,yellow,24,hit,hit,5,9,11
ZW3,7,red,18,hit,hit,5,9,11
ZW3,8,blue,26,miss,hit,5,9,11
ZW3,9,yellow,20,hit,hit,5,9,11
ZW3,10,red,20,hit,hit,5,9,11
ZW3,11,red,26,hit,hit,5,9,11
ZW3,12,blue,20,hit,miss,5,9,11
ZW3,13,yellow,16,hit,miss,5,9,11
ZW3,14,red,24,miss,hit,5,9,11
ZW3,15,yellow,18,hit,miss,5,9,11
ZW3,16,red,22,hit,hit,5,9,11
ZW3,17,blue,18,hit,miss,5,9,11
ZW3,18,yellow,22,hit,hit,5,9,11
ZW3,19,red,18,hit,miss,5,9,11
ZW3,20,blue,22,miss,miss,5,9,11
ZW3,21,red,18,hit,hit,5,9,11
ZW3,22,yellow,24,miss,hit,5,9,11
ZW3,23,red,18,hit,hit,5,9,11
ZW3,24,blue,24,miss,hit,5,9,11
ZW3,25,yellow,20,hit,hit,5,9,11
ZW3,26,blue,20,miss,hit,5,9,11
ZW3,27,red,18,hit,hit,5,9,11
ZW3,28,yellow,24,miss,hit,5,9,11
ZW3,29,red,16,hit,hit,5,9,11
ZW3,30,yellow,28,miss,hit,5,9,11
ZW3,31,blue,18,miss,miss,5,9,11
ZW3,32,yellow,22,hit,hit,5,9,11
ZW3,33,red,20,hit,hit,5,9,11
ZW3,34,blue,28,miss,hit,5,9,11
ZW3,35,red,16,hit,miss,5,9,11
ZW3,36,red,24,miss,hit,5,9,11
ZW3,1,blue,20,miss,miss,10,12,15
ZW3,2,red,14,hit,miss,10,12,15
ZW3,3,yellow,26,miss,hit,10,12,15
ZW3,4,red,16,hit,hit,10,12,15
ZW3,5,yellow,20,miss,hit,10,12,15
ZW3,6,blue,28,hit,hit,10,12,15
ZW3,7,yellow,16,hit,miss,10,12,15
ZW3,8,red,24,miss,hit,10,12,15
ZW3,9,yellow,20,hit,hit,10,12,15
ZW3,10,red,16,hit,miss,10,12,15
ZW3,11,blue,26,miss,hit,10,12,15
ZW3,12,yellow,20,miss,hit,10,12,15
ZW3,13,red,20,miss,miss,10,12,15
ZW3,14,blue,14,hit,miss,10,12,15
ZW3,15,blue,18,miss,miss,10,12,15
ZW3,16,red,24,miss,hit,10,12,15
ZW3,17,yellow,18,miss,miss,10,12,15
ZW3,18,blue,24,hit,miss,10,12,15
ZW3,19,red,26,miss,hit,10,12,15
ZW3,20,blue,18,miss,miss,10,12,15
ZW3,21,yellow,20,miss,miss,10,12,15
ZW3,22,red,20,miss,hit,10,12,15
ZW3,23,blue,20,miss,miss,10,12,15
ZW3,24,yellow,28,miss,hit,10,12,15
ZW3,25,red,16,hit,miss,10,12,15
ZW3,26,yellow,20,hit,miss,10,12,15
ZW3,27,red,26,miss,hit,10,12,15
ZW3,28,yellow,14,hit,miss,10,12,15
ZW3,29,blue,20,miss,miss,10,12,15
ZW3,30,blue,30,miss,hit,10,12,15
ZW3,31,yellow,18,miss,miss,10,12,15
ZW3,32,blue,24,miss,miss,10,12,15
ZW3,33,red,22,miss,hit,10,12,15
ZW3,34,yellow,18,hit,hit,10,12,15
ZW3,35,red,20,hit,hit,10,12,15
ZW3,36,yellow,14,hit,hit,10,12,15
CP3,1,B,20,HIT,HIT,5,9,11
CP3,2,R,20,HIT,HIT,5,9,11
CP3,3,Y,20,MISS,MISS,5,9,11
CP3,4,B,20,HIT,HIT,5,9,11
CP3,5,Y,20,HIT,HIT,5,9,11
CP3,6,B,20,HIT,HIT,5,9,11
CP3,7,B,20,MISS,MISS,5,9,11
CP3,8,R,20,HIT,MISS,5,9,11
CP3,9,Y,20,HIT,HIT,5,9,11
CP3,10,R,20,HIT,MISS,5,9,11
CP3,11,Y,20,MISS,MISS,5,9,11
CP3,12,B,20,MISS,HIT,5,9,11
CP3,13,Y,20,HIT,MISS,5,9,11
CP3,14,R,20,HIT,MISS,5,9,11
CP3,15,B,20,MISS,MISS,5,9,11
CP3,16,Y,20,HIT,MISS,5,9,11
CP3,17,B,20,MISS,MISS,5,9,11
CP3,18,R,20,HIT,MISS,5,9,11
CP3,19,Y,20,MISS,MISS,5,9,11
CP3,20,B,20,MISS,MISS,5,9,11
CP3,21,B,20,MISS,MISS,5,9,11
CP3,22,R,20,HIT,MISS,5,9,11
CP3,23,Y,20,MISS,MISS,5,9,11
CP3,24,Y,20,HIT,MISS,5,9,11
CP3,25,B,20,MISS,MISS,5,9,11
CP3,26,R,20,HIT,MISS,5,9,11
CP3,27,B,20,HIT,MISS,5,9,11
CP3,28,Y,20,MISS,MISS,5,9,11
CP3,29,R,20,MISS,MISS,5,9,11
CP3,30,Y,20,HIT,HIT,5,9,11
CP3,31,B,20,MISS,MISS,5,9,11
CP3,32,R,20,HIT,MISS,5,9,11
CP3,33,R,20,HIT,HIT,5,9,11
CP3,34,Y,20,MISS,MISS,5,9,11
CP3,35,B,20,MISS,MISS,5,9,11
CP3,36,Y,20,MISS,HIT,5,9,11
CP3,1,R,20,MISS,MISS,10,12,14
CP3,2,Y,20,MISS,HIT,10,12,14
CP3,3,B,20,MISS,MISS,10,12,14
CP3,4,R,20,HIT,MISS,10,12,14
CP3,5,Y,20,MISS,MISS,10,12,14
CP3,6,B,20,MISS,MISS,10,12,14
CP3,7,R,20,HIT,MISS,10,12,14
CP3,8,R,20,MISS,MISS,10,12,14
CP3,9,R,20,MISS,MISS,10,12,14
CP3,10,B,20,MISS,MISS,10,12,14
CP3,11,Y,20,MISS,MISS,10,12,14
CP3,12,Y,20,HIT,MISS,10,12,14
CP3,13,B,20,MISS,MISS,10,12,14
CP3,14,Y,20,MISS,MISS,10,12,14
CP3,15,R,20,MISS,MISS,10,12,14
CP3,16,R,20,MISS,MISS,10,12,14
CP3,17,Y,20,MISS,MISS,10,12,14
CP3,18,B,20,MISS,MISS,10,12,14
CP3,19,R,20,MISS,MISS,10,12,14
CP3,20,Y,20,MISS,MISS,10,12,14
CP3,21,Y,20,MISS,MISS,10,12,14
CP3,22,B,20,MISS,MISS,10,12,14
CP3,23,R,20,HIT,HIT,10,12,14
CP3,24,R,20,HIT,MISS,10,12,14
CP3,25,B,20,MISS,MISS,10,12,14
CP3,26,B,20,MISS,HIT,10,12,14
CP3,27,B,20,HIT,MISS,10,12,14
CP3,28,R,20,MISS,HIT,10,12,14
CP3,29,Y,20,HIT,HIT,10,12,14
CP3,30,B,20,HIT,MISS,10,12,14
CP3,31,B,20,MISS,MISS,10,12,14
CP3,32,Y,20,MISS,MISS,10,12,14
CP3,33,Y,20,MISS,MISS,10,12,14
CP3,34,R,20,MISS,MISS,10,12,14
CP3,35,R,20,HIT,HIT,10,12,14
CP3,36,Y,20,MISS,MISS,10,12,14
CP2,1,Y,20,hit,miss,5,9,11
CP2,2,R,20,hi,hit,5,9,11
CP2,3,R,20,hit,hit,5,9,11
CP2,4,B,20,miss,miss,5,9,11
CP2,5,R,20,hit,hit,5,9,11
CP2,6,Y,20,miss,miss,5,9,11
CP2,7,B,20,hit,miss,5,9,11
CP2,8,R,20,hit,miss,5,9,11
CP2,9,R,20,hit,miss,5,9,11
CP2,10,B,20,hit,hit,5,9,11
CP2,11,Y,20,hit,hit,5,9,11
CP2,12,R,20,hit,hit,5,9,11
CP2,13,Y,20,miss,hit,5,9,11
CP2,14,Y,20,hit,miss,5,9,11
CP2,15,R,20,hit,hit,5,9,11
CP2,16,Y,20,miss,hit,5,9,11
CP2,17,R,20,miss,miss,5,9,11
CP2,18,Y,20,hit,hit,5,9,11
CP2,19,B,20,hit,hit,5,9,11
CP2,20,Y,20,miss,miss,5,9,11
CP2,21,R,20,hit,hit,5,9,11
CP2,22,B,20,hit,hit,5,9,11
CP2,23,R,20,hit,miss,5,9,11
CP2,24,B,20,miss,hit,5,9,11
CP2,25,Y,20,miss,miss,5,9,11
CP2,26,R,20,hit,miss,5,9,11
CP2,27,B,20,miss,hit,5,9,11
CP2,28,B,20,miss,hit,5,9,11
CP2,29,B,20,hit,miss,5,9,11
CP2,30,Y,20,miss,hit,5,9,11
CP2,31,Y,20,hit,hit,5,9,11
CP2,32,R,20,hit,miss,5,9,11
CP2,33,Y,20,hit,hit,5,9,11
CP2,34,Y,20,miss,miss,5,9,11
CP2,35,Y,20,hit,hit,5,9,11
CP2,36,B,20,miss,miss,5,9,11
CP2,1,Y,20,miss,miss,10,12,15
CP2,2,R,20,hit,miss,10,12,15
CP2,3,Y,20,miss,hit,10,12,15
CP2,4,R,20,hit,hit,10,12,15
CP2,5,B,20,miss,hit,10,12,15
CP2,6,R,20,miss,hit,10,12,15
CP2,7,B,20,miss,hit,10,12,15
CP2,8,B,20,miss,miss,10,12,15
CP2,9,Y,20,miss,miss,10,12,15
CP2,10,B,20,hit,hit,10,12,15
CP2,11,B,20,hit,hit,10,12,15
CP2,12,R,20,hit,miss,10,12,15
CP2,13,Y,20,miss,miss,10,12,15
CP2,14,R,20,miss,miss,10,12,15
CP2,15,B,20,miss,miss,10,12,15
CP2,16,Y,20,miss,miss,10,12,15
CP2,17,Y,20,miss,miss,10,12,15
CP2,18,B,20,miss,miss,10,12,15
CP2,19,R,20,miss,miss,10,12,15
CP2,20,Y,20,miss,miss,10,12,15
CP2,21,B,20,miss,miss,10,12,15
CP2,22,Y,20,miss,hit,10,12,15
CP2,23,B,20,hit,hit,10,12,15
CP2,24,B,20,miss,miss,10,12,15
CP2,25,R,20,miss,miss,10,12,15
CP2,26,Y,20,miss,miss,10,12,15
CP2,27,R,20,miss,miss,10,12,15
CP2,28,R,20,miss,miss,10,12,15
CP2,29,B,20,miss,hit,10,12,15
CP2,30,Y,20,miss,miss,10,12,15
CP2,31,R,20,miss,miss,10,12,15
CP2,32,R,20,miss,miss,10,12,15
CP2,33,Y,20,hit,miss,10,12,15
CP2,34,B,20,miss,miss,10,12,15
CP2,35,R,20,hit,miss,10,12,15
CP2,36,Y,20,miss,miss,10,12,15
CP1,1,Y,20,hit,miss,5,9,11
CP1,2,R,20,hi,hit,5,9,11
CP1,3,R,20,hit,hit,5,9,11
CP1,4,B,20,miss,miss,5,9,11
CP1,5,R,20,hit,hit,5,9,11
CP1,6,Y,20,miss,miss,5,9,11
CP1,7,B,20,hit,miss,5,9,11
CP1,8,R,20,hit,miss,5,9,11
CP1,9,R,20,hit,miss,5,9,11
CP1,10,B,20,hit,hit,5,9,11
CP1,11,Y,20,hit,hit,5,9,11
CP1,12,R,20,hit,hit,5,9,11
CP1,13,Y,20,miss,hit,5,9,11
CP1,14,Y,20,hit,miss,5,9,11
CP1,15,R,20,hit,hit,5,9,11
CP1,16,Y,20,miss,hit,5,9,11
CP1,17,R,20,miss,miss,5,9,11
CP1,18,Y,20,hit,hit,5,9,11
CP1,19,B,20,hit,hit,5,9,11
CP1,20,Y,20,miss,miss,5,9,11
CP1,21,R,20,hit,hit,5,9,11
CP1,22,B,20,hit,hit,5,9,11
CP1,23,R,20,hit,miss,5,9,11
CP1,24,B,20,miss,hit,5,9,11
CP1,25,Y,20,miss,miss,5,9,11
CP1,26,R,20,hit,miss,5,9,11
CP1,27,B,20,miss,hit,5,9,11
CP1,28,B,20,miss,hit,5,9,11
CP1,29,B,20,hit,miss,5,9,11
CP1,30,Y,20,miss,hit,5,9,11
CP1,31,Y,20,hit,hit,5,9,11
CP1,32,R,20,hit,miss,5,9,11
CP1,33,Y,20,hit,hit,5,9,11
CP1,34,Y,20,miss,miss,5,9,11
CP1,35,Y,20,hit,hit,5,9,11
CP1,36,B,20,miss,miss,5,9,11
CP1,1,Y,20,MISS,MISS,10,12,14
CP1,2,R,20,MISS,HIT,10,12,14
CP1,3,Y,20,HIT,HIT,10,12,14
CP1,4,B,20,MISS,MISS,10,12,14
CP1,5,R,20,HIT,MISS,10,12,14
CP1,6,R,20,HIT,HIT,10,12,14
CP1,7,Y,20,MISS,MISS,10,12,14
CP1,8,Y,20,MISS,MISS,10,12,14
CP1,9,B,20,HIT,HIT,10,12,14
CP1,10,R,20,HIT,MISS,10,12,14
CP1,11,B,20,MISS,HIT,10,12,14
CP1,12,R,20,HIT,HIT,10,12,14
CP1,13,B,20,MISS,MISS,10,12,14
CP1,14,B,20,MISS,HIT,10,12,14
CP1,15,R,20,MISS,MISS,10,12,14
CP1,16,Y,20,HIT,MISS,10,12,14
CP1,17,Y,20,HIT,HIT,10,12,14
CP1,18,B,20,MISS,HIT,10,12,14
CP1,19,R,20,MISS,MISS,10,12,14
CP1,20,R,20,HIT,MISS,10,12,14
CP1,21,B,20,HIT,MISS,10,12,14
CP1,22,B,20,HIT,MISS,10,12,14
CP1,23,Y,20,MISS,HIT,10,12,14
CP1,24,B,20,MISS,HIT,10,12,14
CP1,25,B,20,HIT,MISS,10,12,14
CP1,26,R,20,HIT,MISS,10,12,14
CP1,27,R,20,HIT,MISS,10,12,14
CP1,28,Y,20,MISS,HIT,10,12,14
CP1,29,Y,20,MISS,HIT,10,12,14
CP1,30,B,20,HIT,MISS,10,12,14
CP1,31,Y,20,HIT,HIT,10,12,14
CP1,32,Y,20,HIT,HIT,10,12,14
CP1,33,R,20,HIT,HIT,10,12,14
CP1,34,B,20,MISS,MISS,10,12,14
CP1,35,R,20,HIT,HIT,10,12,14
CP1,36,B,20,MISS,MISS,10,12,14
EM2,1,yellow ,19,0,0,6,11,13
EM2,2,red,20,1,1,6,11,13
EM2,3,blue,16,0,0,6,11,13
EM2,4,red,20,1,0,6,11,13
EM2,5,yellow ,20,1,0,6,11,13
EM2,6,blue,16,1,0,6,11,13
EM2,7,blue,18,1,0,6,11,13
EM2,8,yellow ,20,1,1,6,11,13
EM2,9,red,20,1,1,6,11,13
EM2,10,yellow ,20,0,0,6,11,13
EM2,11,red,20,0,1,6,11,13
EM2,12,blue,16,1,0,6,11,13
EM2,13,yellow ,20,1,0,6,11,13
EM2,14,red,20,1,1,6,11,13
EM2,15,blue,24,1,1,6,11,13
EM2,16,yellow ,20,1,0,6,11,13
EM2,17,blue,24,1,1,6,11,13
EM2,18,red,20,1,1,6,11,13
EM2,19,yellow ,20,1,1,6,11,13
EM2,20,blue,24,1,1,6,11,13
EM2,21,red,20,1,1,6,11,13
EM2,22,blue,24,0,0,6,11,13
EM2,23,red,20,1,1,6,11,13
EM2,24,yellow ,20,0,0,6,11,13
EM2,25,red,20,1,1,6,11,13
EM2,26,yellow ,20,0,1,6,11,13
EM2,27,blue,24,0,0,6,11,13
EM2,28,blue,24,1,1,6,11,13
EM2,29,yellow ,20,0,0,6,11,13
EM2,30,red,20,1,0,6,11,13
EM2,31,red,20,1,1,6,11,13
EM2,32,yellow ,20,1,0,6,11,13
EM2,33,blue,24,0,1,6,11,13
EM2,34,blue,24,0,0,6,11,13
EM2,35,red,20,0,1,6,11,13
EM2,36,yellow ,20,0,0,6,11,13
EM2,1,blue,22,0,1,12,14,18
EM2,2,yellow ,16,1,0,12,14,18
EM2,3,red,20,0,1,12,14,18
EM2,4,blue,29,0,0,12,14,18
EM2,5,yellow ,23,0,1,12,14,18
EM2,6,red,20,1,0,12,14,18
EM2,7,red,20,0,0,12,14,18
EM2,8,yellow ,20,1,1,12,14,18
EM2,9,blue,29,0,1,12,14,18
EM2,10,blue,29,0,0,12,14,18
EM2,11,yellow ,20,0,1,12,14,18
EM2,12,red,20,0,0,12,14,18
EM2,13,yellow ,20,1,0,12,14,18
EM2,14,yellow ,20,0,0,12,14,18
EM2,15,blue,30,0,1,12,14,18
EM2,16,blue,30,0,1,12,14,18
EM2,17,red,20,0,0,12,14,18
EM2,18,red,20,0,1,12,14,18
EM2,19,blue,30,0,1,12,14,18
EM2,20,yellow ,30,0,1,12,14,18
EM2,21,yellow ,20,0,0,12,14,18
EM2,22,blue,20,0,0,12,14,18
EM2,23,red,20,0,1,12,14,18
EM2,24,red,20,1,1,12,14,18
EM2,25,yellow ,20,0,1,12,14,18
EM2,26,blue,20,0,0,12,14,18
EM2,27,blue,20,0,1,12,14,18
EM2,28,yellow ,20,1,1,12,14,18
EM2,29,red,20,1,0,12,14,18
EM2,30,red,20,0,0,12,14,18
EM2,31,red,20,1,1,12,14,18
EM2,32,yellow ,20,0,0,12,14,18
EM2,33,blue,20,0,0,12,14,18
EM2,34,red,20,1,1,12,14,18
EM2,35,blue,20,0,1,12,14,18
EM2,36,yellow ,20,0,1,12,14,18
EM1,1,Blue,18,0,1,6,11,13
EM1,2,Yellow,20,1,1,6,11,13
EM1,3,Blue,20,0,1,6,11,13
EM1,4,Yellow,20,1,1,6,11,13
EM1,5,Red,20,0,1,6,11,13
EM1,6,Red,20,1,1,6,11,13
EM1,7,Red,20,1,1,6,11,13
EM1,8,Blue,20,0,0,6,11,13
EM1,9,Yellow,20,0,1,6,11,13
EM1,10,Yellow,20,0,1,6,11,13
EM1,11,Red,20,1,1,6,11,13
EM1,12,Blue,20,0,0,6,11,13
EM1,13,Yellow,18,0,1,6,11,13
EM1,14,Blue,20,1,1,6,11,13
EM1,15,Red,20,1,1,6,11,13
EM1,16,Yellow,20,1,0,6,11,13
EM1,17,Blue,20,1,0,6,11,13
EM1,18,Red,20,1,1,6,11,13
EM1,19,Yellow,20,0,0,6,11,13
EM1,20,Blue,20,0,1,6,11,13
EM1,21,Yellow,20,0,0,6,11,13
EM1,22,Blue,20,0,1,6,11,13
EM1,23,Red,20,1,1,6,11,13
EM1,24,Red,20,1,1,6,11,13
EM1,25,Blue,20,0,0,6,11,13
EM1,26,Blue,18,0,0,6,11,13
EM1,27,Yellow,20,0,1,6,11,13
EM1,28,Yellow,20,1,1,6,11,13
EM1,29,Red,20,1,1,6,11,13
EM1,30,Red,20,1,1,6,11,13
EM1,31,Blue,20,0,0,6,11,13
EM1,32,Yellow,20,0,1,6,11,13
EM1,33,Yellow,20,1,1,6,11,13
EM1,34,Red,20,1,1,6,11,13
EM1,35,Red,20,1,1,6,11,13
EM1,36,Blue,20,0,0,6,11,13
EM1,1,Yellow,24,0,1,12,14,17
EM1,2,Blue,16,1,0,12,14,17
EM1,3,Blue,16,0,0,12,14,17
EM1,4,Red,18,0,0,12,14,17
EM1,5,Yellow,20,0,1,12,14,17
EM1,6,Yellow,20,0,1,12,14,17
EM1,7,Red,20,0,0,12,14,17
EM1,8,Blue,14,0,0,12,14,17
EM1,9,Blue,16,1,1,12,14,17
EM1,10,Yellow,16,1,0,12,14,17
EM1,11,Red,20,1,1,12,14,17
EM1,12,Red,20,0,1,12,14,17
EM1,13,Yellow,20,0,0,12,14,17
EM1,14,Blue,16,1,0,12,14,17
EM1,15,Red,18,0,1,12,14,17
EM1,16,Yellow,16,0,0,12,14,17
EM1,17,Blue,16,1,0,12,14,17
EM1,18,Yellow,16,1,0,12,14,17
EM1,19,Red,18,0,0,12,14,17
EM1,20,Blue,14,0,0,12,14,17
EM1,21,Red,18,1,1,12,14,17
EM1,22,Yellow,16,1,0,12,14,17
EM1,23,Blue,14,1,0,12,14,17
EM1,24,Red,18,1,0,12,14,17
EM1,25,Yellow,16,1,0,12,14,17
EM1,26,Yellow,16,0,0,12,14,17
EM1,27,Blue,16,0,0,12,14,17
EM1,28,Blue,12,1,0,12,14,17
EM1,29,Red,14,1,0,12,14,17
EM1,30,Yellow,12,1,0,12,14,17
EM1,31,Red,14,1,1,12,14,17
EM1,32,Red,14,1,0,12,14,17
EM1,33,Yellow,12,0,0,12,14,17
EM1,34,Blue,10,1,0,12,14,17
EM1,35,Yellow,12,1,0,12,14,17
EM1,36,Red,14,1,0,12,14,17
EM3,1,blue,20,0,0,7,12,14
EM3,2,yellow,20,0,0,7,12,14
EM3,3,yellow,20,0,1,7,12,14
EM3,4,red,20,1,1,7,12,14
EM3,5,red,20,1,1,7,12,14
EM3,6,blue,20,0,0,7,12,14
EM3,7,blue,20,0,0,7,12,14
EM3,8,yellow,20,0,1,7,12,14
EM3,9,red,20,1,1,7,12,14
EM3,10,red,20,0,0,7,12,14
EM3,11,yellow,20,0,0,7,12,14
EM3,12,blue,20,1,0,7,12,14
EM3,13,blue,20,1,0,7,12,14
EM3,14,yellow,20,0,1,7,12,14
EM3,15,blue,20,1,0,7,12,14
EM3,16,yellow,20,1,1,7,12,14
EM3,17,red,20,0,0,7,12,14
EM3,18,red,20,0,1,7,12,14
EM3,19,red,20,0,0,7,12,14
EM3,20,blue,20,1,1,7,12,14
EM3,21,yellow,20,0,1,7,12,14
EM3,22,yellow,20,0,0,7,12,14
EM3,23,blue,20,0,1,7,12,14
EM3,24,red,20,0,1,7,12,14
EM3,25,red,20,1,0,7,12,14
EM3,26,yellow,20,1,1,7,12,14
EM3,27,blue,20,1,1,7,12,14
EM3,28,blue,20,0,0,7,12,14
EM3,29,red,20,1,1,7,12,14
EM3,30,yellow,20,1,1,7,12,14
EM3,31,red,20,0,0,7,12,14
EM3,32,yellow,20,0,0,7,12,14
EM3,33,yellow,20,0,0,7,12,14
EM3,34,blue,20,1,1,7,12,14
EM3,35,blue,20,0,0,7,12,14
EM3,36,red,20,1,1,7,12,14
EM3,1,yellow,20,0,0,13,15,19
EM3,2,blue,20,0,0,13,15,19
EM3,3,blue,20,1,0,13,15,19
EM3,4,yellow,20,0,1,13,15,19
EM3,5,red,20,0,1,13,15,19
EM3,6,red,20,1,0,13,15,19
EM3,7,yellow,20,1,1,13,15,19
EM3,8,red,20,0,0,13,15,19
EM3,9,blue,20,0,0,13,15,19
EM3,10,yellow,20,1,1,13,15,19
EM3,11,blue,20,1,1,13,15,19
EM3,12,red,20,1,1,13,15,19
EM3,13,yellow,20,0,0,13,15,19
EM3,14,blue,20,0,0,13,15,19
EM3,15,yellow,20,0,0,13,15,19
EM3,16,red,20,0,1,13,15,19
EM3,17,blue,20,0,0,13,15,19
EM3,18,red,20,1,0,13,15,19
EM3,19,blue,20,0,0,13,15,19
EM3,20,yellow,20,0,0,13,15,19
EM3,21,red,20,0,0,13,15,19
EM3,22,blue,20,0,0,13,15,19
EM3,23,yellow,20,0,0,13,15,19
EM3,24,red,20,1,0,13,15,19
EM3,25,yellow,20,0,0,13,15,19
EM3,26,yellow,20,0,0,13,15,19
EM3,27,red,20,1,0,13,15,19
EM3,28,blue,20,0,1,13,15,19
EM3,29,blue,20,0,0,13,15,19
EM3,30,red,20,1,0,13,15,19
EM3,31,blue,20,0,0,13,15,19
EM3,32,red,20,0,1,13,15,19
EM3,33,yellow,20,0,1,13,15,19
EM3,34,yellow,20,0,1,13,15,19
EM3,35,blue,20,0,1,13,15,19
EM3,36,red,20,1,0,13,15,19
EM4,1,yellow,20,0,1,6,10,12
EM4,2,yellow,20,0,0,6,10,12
EM4,3,red,20,1,1,6,10,12
EM4,4,blue,20,0,0,6,10,12
EM4,5,red,20,1,1,6,10,12
EM4,6,blue,20,0,1,6,10,12
EM4,7,blue,20,0,0,6,10,12
EM4,8,red,20,1,1,6,10,12
EM4,9,yellow,20,1,0,6,10,12
EM4,10,yellow,20,1,1,6,10,12
EM4,11,blue,20,0,0,6,10,12
EM4,12,red,20,1,1,6,10,12
EM4,13,yellow,20,1,1,6,10,12
EM4,14,blue,20,0,1,6,10,12
EM4,15,blue,20,1,0,6,10,12
EM4,16,red,20,1,0,6,10,12
EM4,17,yellow,20,0,1,6,10,12
EM4,18,red,20,1,1,6,10,12
EM4,19,blue,20,0,1,6,10,12
EM4,20,yellow,20,0,1,6,10,12
EM4,21,red,20,1,1,6,10,12
EM4,22,blue,20,0,1,6,10,12
EM4,23,yellow,20,0,0,6,10,12
EM4,24,red,20,1,1,6,10,12
EM4,25,blue,18,1,1,6,10,12
EM4,26,red,18,1,1,6,10,12
EM4,27,blue,18,0,1,6,10,12
EM4,28,red,18,1,1,6,10,12
EM4,29,yellow,18,0,0,6,10,12
EM4,30,yellow,18,1,0,6,10,12
EM4,31,blue,22,1,1,6,10,12
EM4,32,red,22,1,1,6,10,12
EM4,33,yellow,22,1,1,6,10,12
EM4,34,blue,22,0,1,6,10,12
EM4,35,yellow,22,0,1,6,10,12
EM4,36,red,22,1,1,6,10,12
EM4,1,blue,23,0,0,11,13,17
EM4,2,red,23,1,1,11,13,17
EM4,3,red,23,0,0,11,13,17
EM4,4,yellow,23,1,0,11,13,17
EM4,5,yellow,23,0,1,11,13,17
EM4,6,blue,23,0,0,11,13,17
EM4,7,yellow,20,0,1,11,13,17
EM4,8,blue,20,0,0,11,13,17
EM4,9,red,20,0,1,11,13,17
EM4,10,yellow,20,0,1,11,13,17
EM4,11,blue,20,0,0,11,13,17
EM4,12,red,20,1,1,11,13,17
EM4,13,blue,20,0,0,11,13,17
EM4,14,blue,20,0,1,11,13,17
EM4,15,yellow,20,0,0,11,13,17
EM4,16,yellow,20,0,1,11,13,17
EM4,17,red,20,0,0,11,13,17
EM4,18,red,20,0,1,11,13,17
EM4,19,red,20,1,0,11,13,17
EM4,20,yellow,20,0,1,11,13,17
EM4,21,blue,20,0,0,11,13,17
EM4,22,yellow,20,0,1,11,13,17
EM4,23,blue,20,1,0,11,13,17
EM4,24,red,20,0,0,11,13,17
EM4,25,blue,20,0,0,11,13,17
EM4,26,yellow,20,0,0,11,13,17
EM4,27,red,20,0,1,11,13,17
EM4,28,blue,20,0,0,11,13,17
EM4,29,yellow,20,1,1,11,13,17
EM4,30,red,20,1,1,11,13,17
EM4,31,yellow,20,0,0,11,13,17
EM4,32,blue,20,1,0,11,13,17
EM4,33,red,20,1,0,11,13,17
EM4,34,blue,20,1,0,11,13,17
EM4,35,yellow,20,1,0,11,13,17
EM4,36,red,20,0,0,11,13,17
EMC1,1,yellow,20,miss,hit,5,9,11
EMC1,2,blue,20,hit,miss,5,9,11
EMC1,3,red,17,miss,hit,5,9,11
EMC1,4,blue,20,miss,miss,5,9,11
EMC1,5,red,20,hit,miss,5,9,11
EMC1,6,yellow,17,miss,miss,5,9,11
EMC1,7,blue,20,hit,miss,5,9,11
EMC1,8,yellow,20,miss,hit,5,9,11
EMC1,9,red,20,miss,hit,5,9,11
EMC1,10,yellow,20,miss,miss,5,9,11
EMC1,11,blue,20,hit,miss,5,9,11
EMC1,12,yellow,20,hit,hit,5,9,11
EMC1,13,red,20,hit,hit,5,9,11
EMC1,14,blue,20,miss,miss,5,9,11
EMC1,15,red,20,hit,hit,5,9,11
EMC1,16,yellow,20,hit,miss,5,9,11
EMC1,17,red,20,hit,hit,5,9,11
EMC1,18,blue,18,miss,miss,5,9,11
EMC1,19,blue,20,hit,miss,5,9,11
EMC1,20,yellow,20,miss,miss,5,9,11
EMC1,21,red,20,miss,miss,5,9,11
EMC1,22,blue,20,miss,miss,5,9,11
EMC1,23,yellow,20,miss,hit,5,9,11
EMC1,24,red,20,hit,hit,5,9,11
EMC1,25,yellow,20,miss,hit,5,9,11
EMC1,26,blue,20,miss,miss,5,9,11
EMC1,27,red,20,hit,hit,5,9,11
EMC1,28,yellow,20,miss,miss,5,9,11
EMC1,29,red,20,hit,miss,5,9,11
EMC1,30,blue,20,miss,miss,5,9,11
EMC1,31,blue,20,miss,miss,5,9,11
EMC1,32,blue,20,miss,miss,5,9,11
EMC1,33,yellow,20,miss,miss,5,9,11
EMC1,34,red,20,hit,miss,5,9,11
EMC1,35,yellow,20,miss,hit,5,9,11
EMC1,36,red,20,hit,hit,5,9,11
EMC1,1,blue,14,miss,miss,10,12,15
EMC1,2,yellow,14,hit,miss,10,12,15
EMC1,3,yellow,14,miss,miss,10,12,15
EMC1,4,red,14,hit,hit,10,12,15
EMC1,5,blue,21,miss,miss,10,12,15
EMC1,6,red,20,hit,miss,10,12,15
EMC1,7,blue,24,hit,miss,10,12,15
EMC1,8,red,24,hit,hit,10,12,15
EMC1,9,red,24,hit,miss,10,12,15
EMC1,10,yellow,24,miss,miss,10,12,15
EMC1,11,yellow,24,hit,miss,10,12,15
EMC1,12,blue,24,miss,miss,10,12,15
EMC1,13,red,20,miss,hit,10,12,15
EMC1,14,red,20,miss,miss,10,12,15
EMC1,15,blue,20,miss,miss,10,12,15
EMC1,16,yellow,20,miss,miss,10,12,15
EMC1,17,yellow,20,miss,miss,10,12,15
EMC1,18,blue,20,miss,miss,10,12,15
EMC1,19,red,20,miss,miss,10,12,15
EMC1,20,yellow,20,miss,miss,10,12,15
EMC1,21,blue,20,hit,miss,10,12,15
EMC1,22,blue,20,hit,miss,10,12,15
EMC1,23,red,20,hit,miss,10,12,15
EMC1,24,yellow,20,hit,hit,10,12,15
EMC1,25,yellow,20,miss,miss,10,12,15
EMC1,26,blue,20,miss,hit,10,12,15
EMC1,27,blue,20,miss,miss,10,12,15
EMC1,28,red,20,miss,miss,10,12,15
EMC1,29,red,20,miss,miss,10,12,15
EMC1,30,blue,20,miss,miss,10,12,15
EMC1,31,yellow,30,hit,miss,10,12,15
EMC1,32,red,30,hit,miss,10,12,15
EMC1,33,red,30,hit,miss,10,12,15
EMC1,34,blue,30,miss,miss,10,12,15
EMC1,35,blue,30,hit,miss,10,12,15
EMC1,36,red,30,hit,miss,10,12,15
EMC2,1,yellow,20,hit,miss,9,11,14
EMC2,2,red,20,hit,hit,9,11,14
EMC2,3,yellow,20,hit ,miss,9,11,14
EMC2,4,yellow,20,hit ,hit,9,11,14
EMC2,5,red,21,hit ,hit,9,11,14
EMC2,6,blue,22,miss,miss,9,11,14
EMC2,7,red,21,hit,miss,9,11,14
EMC2,8,red,22,hit,miss,9,11,14
EMC2,9,blue,21,miss,miss,9,11,14
EMC2,10,red,22,miss,miss,9,11,14
EMC2,11,red,21,miss,miss,9,11,14
EMC2,12,red,21,miss,miss,9,11,14
EMC2,13,blue,21,miss,miss,9,11,14
EMC2,14,red,21,hit,miss,9,11,14
EMC2,15,yellow,21,miss,miss,9,11,14
EMC2,16,red,21,miss,miss,9,11,14
EMC2,17,blue,21,miss,miss,9,11,14
EMC2,18,yellow,21,miss,miss,9,11,14
EMC2,19,blue,21,hit,miss,9,11,14
EMC2,20,red,21,miss,miss,9,11,14
EMC2,21,yellow,21,miss,miss,9,11,14
EMC2,22,red,21,miss,miss,9,11,14
EMC2,23,yellow,20,miss,miss,9,11,14
EMC2,24,blue,20,miss,miss,9,11,14
EMC2,25,blue,20,miss,miss,9,11,14
EMC2,26,yellow,20,miss,miss,9,11,14
EMC2,27,red,20,hit,miss,9,11,14
EMC2,28,blue,20,miss,miss,9,11,14
EMC2,29,red,20,miss,miss,9,11,14
EMC2,30,yellow,20,hit,hit,9,11,14
EMC2,31,blue,20,miss,miss,9,11,14
EMC2,32,yellow,20,miss,miss,9,11,14
EMC2,33,blue,20,miss,miss,9,11,14
EMC2,34,yellow,20,miss,miss,9,11,14
EMC2,35,red,20,miss,miss,9,11,14
EMC2,36,yellow,20,miss,miss,9,11,14
EMC2,1,blue,20,miss,miss,5,8,10
EMC2,2,red,20,hit,hit,5,8,10
EMC2,3,red,20,hit,hit,5,8,10
EMC2,4,blue,16,miss,hit,5,8,10
EMC2,5,yellow,20,hit,hit,5,8,10
EMC2,6,red,20,hit,hit,5,8,10
EMC2,7,blue,18,hit,miss,5,8,10
EMC2,8,red,20,hit,hit,5,8,10
EMC2,9,yellow,20,miss,hit,5,8,10
EMC2,10,yellow,19,hit ,hit,5,8,10
EMC2,11,red,20,hit,hit,5,8,10
EMC2,12,blue,18,miss,miss,5,8,10
EMC2,13,blue,18,miss,hit,5,8,10
EMC2,14,yellow,17,miss,hit,5,8,10
EMC2,15,red,20,hit,hit,5,8,10
EMC2,16,yellow,19,hit,miss,5,8,10
EMC2,17,blue,19,miss,miss,5,8,10
EMC2,18,red,20,hit,hit,5,8,10
EMC2,19,blue,19,miss,miss,5,8,10
EMC2,20,yellow,20,hit,hit,5,8,10
EMC2,21,red,20,hit,hit,5,8,10
EMC2,22,yellow,17,miss,miss,5,8,10
EMC2,23,blue,19,miss,hit,5,8,10
EMC2,24,yellow,20,miss,hit,5,8,10
EMC2,25,blue,15,miss,hit,5,8,10
EMC2,26,blue,12,miss,hit,5,8,10
EMC2,27,red,18,hit,hit,5,8,10
EMC2,28,red,18,miss,hit,5,8,10
EMC2,29,yellow,17,miss,miss,5,8,10
EMC2,30,red,20,hit,hit,5,8,10
EMC2,31,blue,17,miss,miss,5,8,10
EMC2,32,yellow,16,miss,miss,5,8,10
EMC2,33,yellow,18,hit,miss,5,8,10
EMC2,34,red,20,hit,miss,5,8,10
EMC2,35,red,20,hit,hit,5,8,10
EMC2,36,blue,9,miss,hit,5,8,10
EMC3,1,blue,18,miss,hit,5,9,11
EMC3,2,blue,18,miss,hit,5,9,11
EMC3,3,red,20,hit,hit,5,9,11
EMC3,4,blue,20,miss,hit,5,9,11
EMC3,5,yellow,20,miss,hit,5,9,11
EMC3,6,red,21,hit,hit,5,9,11
EMC3,7,yellow,20,miss,miss,5,9,11
EMC3,8,yellow,21,hit,hit,5,9,11
EMC3,9,red,18,hit,hit,5,9,11
EMC3,10,blue,21,miss,miss,5,9,11
EMC3,11,blue,20,miss,hit,5,9,11
EMC3,12,yellow,22,hit,hit,5,9,11
EMC3,13,blue,20,miss,miss,5,9,11
EMC3,14,red,20,hit,hit,5,9,11
EMC3,15,blue,20,hit,miss,5,9,11
EMC3,16,yellow,20,miss,miss,5,9,11
EMC3,17,yellow,20,hit,hit,5,9,11
EMC3,18,blue,18,hit,hit,5,9,11
EMC3,19,yellow,18,miss,miss,5,9,11
EMC3,20,blue,20,miss,miss,5,9,11
EMC3,21,red,20,hit,hit,5,9,11
EMC3,22,blue,20,hit,miss,5,9,11
EMC3,23,red,20,miss,hit,5,9,11
EMC3,24,yellow,20,miss,miss,5,9,11
EMC3,25,blue,20,hit,miss,5,9,11
EMC3,26,yellow,20,hit,hit,5,9,11
EMC3,27,blue,20,hit,miss,5,9,11
EMC3,28,red,20,hit,miss,5,9,11
EMC3,29,yellow,20,miss,miss,5,9,11
EMC3,30,blue,20,miss,hit,5,9,11
EMC3,31,blue,20,hit,miss,5,9,11
EMC3,32,yellow,23,hit,hit,5,9,11
EMC3,33,red,20,hit,miss,5,9,11
EMC3,34,red,20,miss,hit,5,9,11
EMC3,35,blue,20,miss,hit,5,9,11
EMC3,36,red,20,miss,hit,5,9,11
EMC3,1,blue,36,hit,miss,10,12,15
EMC3,2,red,20,hit,hit,10,12,15
EMC3,3,yellow,26,hit,miss,10,12,15
EMC3,4,red,20,miss,miss,10,12,15
EMC3,5,blue,16,miss,hit,10,12,15
EMC3,6,red,24,hit,miss,10,12,15
EMC3,7,yellow,22,hit,miss,10,12,15
EMC3,8,blue,22,miss,miss,10,12,15
EMC3,9,yellow,22,hit,hit,10,12,15
EMC3,10,red,10,miss,hit,10,12,15
EMC3,11,blue,18,miss,miss,10,12,15
EMC3,12,yellow,18,miss,miss,10,12,15
EMC3,13,red,26,hit,miss,10,12,15
EMC3,14,blue,18,miss,hit,10,12,15
EMC3,15,yellow,20,miss,miss,10,12,15
EMC3,16,blue,20,miss,miss,10,12,15
EMC3,17,red,14,miss,hit,10,12,15
EMC3,18,blue,10,miss,miss,10,12,15
EMC3,19,blue,22,hit,miss,10,12,15
EMC3,20,yellow,18,miss,miss,10,12,15
EMC3,21,red,22,miss,miss,10,12,15
EMC3,22,red,22,miss,miss,10,12,15
EMC3,23,yellow,20,miss,hit,10,12,15
EMC3,24,red,14,hit,miss,10,12,15
EMC3,25,yellow,22,hit,miss,10,12,15
EMC3,26,blue,22,miss,miss,10,12,15
EMC3,27,yellow,22,hit,hit,10,12,15
EMC3,28,blue,18,miss,miss,10,12,15
EMC3,29,yellow,20,miss,miss,10,12,15
EMC3,30,blue,20,hit,miss,10,12,15
EMC3,31,red,20,miss,miss,10,12,15
EMC3,32,blue,20,miss,miss,10,12,15
EMC3,33,red,20,miss,miss,10,12,15
EMC3,34,yellow,26,miss,miss,10,12,15
EMC3,35,blue,12,miss,miss,10,12,15
EMC3,36,yellow,28,hit,miss,10,12,15
IS1,1,red,20,miss,hit,9,11,13
IS1,2,yellow,20,miss,miss,9,11,13
IS1,3,red,20,miss,hit,9,11,13
IS1,4,yellow,20,miss,miss,9,11,13
IS1,5,blue,20,miss,miss,9,11,13
IS1,6,red,20,miss,miss,9,11,13
IS1,7,blue,20,hit,miss,9,11,13
IS1,8,red,20,miss,miss,9,11,13
IS1,9,red,20,miss,miss,9,11,13
IS1,10,red,20,miss,miss,9,11,13
IS1,11,red,20,hit,hit,9,11,13
IS1,12,blue,20,hit,miss,9,11,13
IS1,13,yellow,20,miss,hit,9,11,13
IS1,14,yellow,20,hit,miss,9,11,13
IS1,15,blue,20,miss,miss,9,11,13
IS1,16,red,20,hit,miss,9,11,13
IS1,17,blue,20,hit,miss,9,11,13
IS1,18,red,20,miss,hit,9,11,13
IS1,19,yellow,20,miss,miss,9,11,13
IS1,20,blue,20,miss,hit,9,11,13
IS1,21,yellow,20,miss,miss,9,11,13
IS1,22,blue,20,hit,hit,9,11,13
IS1,23,red,20,miss,miss,9,11,13
IS1,24,yellow,20,miss,hit,9,11,13
IS1,25,blue,20,miss,miss,9,11,13
IS1,26,red,20,hit,hit,9,11,13
IS1,27,yellow,20,miss,miss,9,11,13
IS1,28,blue,20,miss,miss,9,11,13
IS1,29,red,20,hit,miss,9,11,13
IS1,30,yellow,20,hit,miss,9,11,13
IS1,31,blue,20,miss,hit,9,11,13
IS1,32,yellow,20,miss,miss,9,11,13
IS1,33,blue,20,miss,miss,9,11,13
IS1,34,yellow,20,hit,miss,9,11,13
IS1,35,red,20,hit,miss,9,11,13
IS1,36,blue,20,miss,hit,9,11,13
IS1,1,yellow,20,Hit,Miss,4,8,10
IS1,2,yellow,20,Hit,Miss,4,8,10
IS1,3,red,20,Hit,Hit,4,8,10
IS1,4,red,20,Hit,Hit,4,8,10
IS1,5,blue,20,Miss,Miss,4,8,10
IS1,6,yellow,20,Hit,Miss,4,8,10
IS1,7,red,20,Hit,Hit,4,8,10
IS1,8,blue,20,Miss,Hit,4,8,10
IS1,9,yellow,20,Hit,Miss,4,8,10
IS1,10,red,20,Miss,Hit,4,8,10
IS1,11,blue,20,Miss,Miss,4,8,10
IS1,12,red,20,Hit,Hit,4,8,10
IS1,13,yellow,20,Hit ,Miss,4,8,10
IS1,14,blue,20,Hit ,Hit,4,8,10
IS1,15,yellow,20,Miss,Hit,4,8,10
IS1,16,red,20,Hit ,Hit,4,8,10
IS1,17,blue,20,Miss,Hit,4,8,10
IS1,18,yellow,20,Hit,Hit,4,8,10
IS1,19,red,20,Hit,Miss,4,8,10
IS1,20,blue,20,Hit,Miss,4,8,10
IS1,21,yellow,20,Hit,Miss,4,8,10
IS1,22,blue,20,Miss,Hit,4,8,10
IS1,23,yellow,20,Hit,Miss,4,8,10
IS1,24,blue,20,Hit,Hit,4,8,10
IS1,25,yellow,20,Hit,Hit,4,8,10
IS1,26,blue,20,Miss,Hit,4,8,10
IS1,27,red,20,Hit,Miss,4,8,10
IS1,28,yellow,20,Hit,Hit,4,8,10
IS1,29,blue,20,Hit,Miss,4,8,10
IS1,30,red,20,,Miss,4,8,10
IS1,31,yellow,20,Miss,Hit,4,8,10
IS1,32,red,20,Hit,Hit,4,8,10
IS1,33,blue,20,Hit,Miss,4,8,10
IS1,34,yellow,20,Miss,Hit,4,8,10
IS1,35,red,20,Hit,Miss,4,8,10
IS1,36,blue,20,Miss,Miss,4,8,10
IS2,1,red,20,hit,hit,4,8,10
IS2,2,yellow,16,hit,hit,4,8,10
IS2,3,blue,16,miss,miss,4,8,10
IS2,4,red,24,hit,hit,4,8,10
IS2,5,yellow,16,miss,hit,4,8,10
IS2,6,yellow,22,hit,hit,4,8,10
IS2,7,blue,22,hit,miss,4,8,10
IS2,8,yellow,17,miss,hit,4,8,10
IS2,9,red,22,hit,hit,4,8,10
IS2,10,red,20,hit,hit,4,8,10
IS2,11,blue,22,miss,miss,4,8,10
IS2,12,red,22,hit,hit,4,8,10
IS2,13,yellow,23,miss,miss,4,8,10
IS2,14,yellow,24,hit,hit,4,8,10
IS2,15,red,20,hit,hit,4,8,10
IS2,16,yellow,24,hit,miss,4,8,10
IS2,17,blue,24,hit,miss,4,8,10
IS2,18,yellow,24,hit,miss,4,8,10
IS2,19,red,24,hit,hit,4,8,10
IS2,20,blue,28,hit,hit,4,8,10
IS2,21,yellow,26,hit,miss,4,8,10
IS2,22,yellow,28,hit,hit,4,8,10
IS2,23,yellow,28,miss,hit,4,8,10
IS2,24,yellow,22,hit,miss,4,8,10
IS2,25,blue,29,hit,miss,4,8,10
IS2,26,red,22,hit,hit,4,8,10
IS2,27,blue,28,hit,miss,4,8,10
IS2,28,red,22,hit,miss,4,8,10
IS2,29,blue,24,hit,miss,4,8,10
IS2,30,red,20,hit,hit,4,8,10
IS2,31,blue,24,miss,hit,4,8,10
IS2,32,yellow,30,hit,hit,4,8,10
IS2,33,yellow,26,hit,hit,4,8,10
IS2,34,blue,40,hit,miss,4,8,10
IS2,35,red,20,hit,hit,4,8,10
IS2,36,yellow,22,hit,miss,4,8,10
IS2,1,yellow,24,miss,miss,9,11,13
IS2,2,yellow,28,miss,miss,9,11,13
IS2,3,blue,26,miss,miss,9,11,13
IS2,4,blue,20,miss,hit,9,11,13
IS2,5,blue,20,miss,miss,9,11,13
IS2,6,red,24,hit,hit,9,11,13
IS2,7,yellow,24,miss,hit,9,11,13
IS2,8,red,24,miss,miss,9,11,13
IS2,9,red,24,hit,miss,9,11,13
IS2,10,blue,26,hit,miss,9,11,13
IS2,11,red,20,hit,miss,9,11,13
IS2,12,yellow,20,miss,miss,9,11,13
IS2,13,yellow,20,miss,miss,9,11,13
IS2,14,blue,26,miss,miss,9,11,13
IS2,15,yellow,20,miss,miss,9,11,13
IS2,16,red,20,hit,miss,9,11,13
IS2,17,yellow,20,miss,hit,9,11,13
IS2,18,red,20,hit,miss,9,11,13
IS2,19,yellow,20,miss,miss,9,11,13
IS2,20,yellow,20,miss,miss,9,11,13
IS2,21,red,20,hit,miss,9,11,13
IS2,22,red,26,hit,miss,9,11,13
IS2,23,red,20,hit,miss,9,11,13
IS2,24,yellow,24,hit,miss,9,11,13
IS2,25,yellow,24,miss,hit,9,11,13
IS2,26,blue,24,hit,miss,9,11,13
IS2,27,blue,26,hit,miss,9,11,13
IS2,28,red,24,hit,miss,9,11,13
IS2,29,red,28,miss,miss,9,11,13
IS2,30,yellow,24,miss,miss,9,11,13
IS2,31,red,24,hit,hit,9,11,13
IS2,32,yellow,26,hit,miss,9,11,13
IS2,33,yellow,30,hit,miss,9,11,13
IS2,34,blue,24,miss,miss,9,11,13
IS2,35,red,28,hit,miss,9,11,13
IS2,36,blue,26,miss,miss,9,11,13
IS3,1,blue,13,miss,hit,8,10,12
IS3,2,blue,13,miss,hit,8,10,12
IS3,3,yellow,12,miss,hit,8,10,12
IS3,4,red,12,miss,hit,8,10,12
IS3,5,blue,13,miss,hit,8,10,12
IS3,6,red,12,miss,hit,8,10,12
IS3,7,red,12,miss,hit,8,10,12
IS3,8,yellow,10,miss,hit,8,10,12
IS3,9,blue,8,miss,hit,8,10,12
IS3,10,yellow,10,miss,hit,8,10,12
IS3,11,red,12,miss,hit,8,10,12
IS3,12,blue,8,miss,hit,8,10,12
IS3,13,blue,8,miss,hit,8,10,12
IS3,14,yellow,12,miss,hit,8,10,12
IS3,15,blue,8,miss,hit,8,10,12
IS3,16,yellow,10,miss,hit,8,10,12
IS3,17,red,8,miss,hit,8,10,12
IS3,18,red,8,miss,hit,8,10,12
IS3,19,yellow,12,miss,hit,8,10,12
IS3,20,red,12,miss,hit,8,10,12
IS3,21,blue,8,miss,hit,8,10,12
IS3,22,blue,9,miss,hit,8,10,12
IS3,23,yellow,10,miss,hit,8,10,12
IS3,24,red,12,miss,hit,8,10,12
IS3,25,yellow,10,miss,hit,8,10,12
IS3,26,blue,8,miss,hit,8,10,12
IS3,27,red,12,miss,hit,8,10,12
IS3,28,yellow,10,miss,hit,8,10,12
IS3,29,yellow,10,miss,hit,8,10,12
IS3,30,blue,8,miss,hit,8,10,12
IS3,31,yellow,12,miss,hit,8,10,12
IS3,32,red,12,miss,hit,8,10,12
IS3,33,blue,8,miss,hit,8,10,12
IS3,34,red,12,miss,hit,8,10,12
IS3,35,yellow,10,miss,hit,8,10,12
IS3,36,blue,8,miss,hit,8,10,12
IS3,1,red,20,hit,hit,4,7,9
IS3,2,blue,22,hit,hit,4,7,9
IS3,3,blue,21,miss,miss,4,7,9
IS3,4,red,20,hit,hit,4,7,9
IS3,5,yellow,21,miss,miss,4,7,9
IS3,6,red,20,hit,hit,4,7,9
IS3,7,blue,20,miss,hit,4,7,9
IS3,8,blue,20,miss,miss,4,7,9
IS3,9,blue,20,miss,miss,4,7,9
IS3,10,red,20,hit,hit,4,7,9
IS3,11,yellow,22,hit,hit,4,7,9
IS3,12,red,20,hit,hit,4,7,9
IS3,13,yellow,20,hit,hit,4,7,9
IS3,14,red,20,hit,hit,4,7,9
IS3,15,red,20,hit,hit,4,7,9
IS3,16,blue,20,miss,hit,4,7,9
IS3,17,red,20,hit,hit,4,7,9
IS3,18,yellow,20,hit,hit,4,7,9
IS3,19,blue,20,miss,miss,4,7,9
IS3,20,red,20,hit,hit,4,7,9
IS3,21,blue,20,hit,miss,4,7,9
IS3,22,red,20,hit,hit,4,7,9
IS3,23,blue,20,miss,hit,4,7,9
IS3,24,red,20,hit,hit,4,7,9
IS3,25,red,20,hit,hit,4,7,9
IS3,26,red,20,hit,hit,4,7,9
IS3,27,blue,20,hit,miss,4,7,9
IS3,28,blue,20,miss,hit,4,7,9
IS3,29,yellow,20,hit,miss,4,7,9
IS3,30,red,20,hit,hit,4,7,9
IS3,31,yellow,20,hit,hit,4,7,9
IS3,32,red,20,hit,hit,4,7,9
IS3,33,blue,20,miss,miss,4,7,9
IS3,34,blue,20,miss,hit,4,7,9
IS3,35,red,20,hit,hit,4,7,9
IS3,36,blue,20,hit,miss,4,7,9
SJ1,1,blue,16,0,0,6,10,12
SJ1,2,red,20,1,1,6,10,12
SJ1,3,red,20,1,0,6,10,12
SJ1,4,blue,24,1,1,6,10,12
SJ1,5,yellow,24,0,1,6,10,12
SJ1,6,yellow,16,1,0,6,10,12
SJ1,7,red,20,0,1,6,10,12
SJ1,8,blue,20,0,1,6,10,12
SJ1,9,blue,20,1,1,6,10,12
SJ1,10,yellow,20,1,1,6,10,12
SJ1,11,yellow,20,1,0,6,10,12
SJ1,12,red,20,1,1,6,10,12
SJ1,13,red,20,1,1,6,10,12
SJ1,14,yellow,20,0,0,6,10,12
SJ1,15,blue,20,1,0,6,10,12
SJ1,16,red,20,1,1,6,10,12
SJ1,17,yellow,20,0,1,6,10,12
SJ1,18,blue,20,0,0,6,10,12
SJ1,19,blue,20,0,1,6,10,12
SJ1,20,yellow,20,1,0,6,10,12
SJ1,21,blue,20,1,0,6,10,12
SJ1,22,red,20,1,0,6,10,12
SJ1,23,yellow,20,0,1,6,10,12
SJ1,24,red,20,1,1,6,10,12
SJ1,25,yellow,20,1,0,6,10,12
SJ1,26,blue,20,1,0,6,10,12
SJ1,27,blue,20,0,0,6,10,12
SJ1,28,red,20,0,1,6,10,12
SJ1,29,red,20,1,1,6,10,12
SJ1,30,yellow,20,0,0,6,10,12
SJ1,31,red,20,1,1,6,10,12
SJ1,32,yellow,20,0,1,6,10,12
SJ1,33,red,20,1,1,6,10,12
SJ1,34,yellow,20,0,0,6,10,12
SJ1,35,blue,20,1,0,6,10,12
SJ1,36,blue,20,0,1,6,10,12
SJ1,1,blue,8,1,0,11,13,17
SJ1,2,yellow,18,1,0,11,13,17
SJ1,3,blue,18,0,0,11,13,17
SJ1,4,red,18,0,0,11,13,17
SJ1,5,yellow,18,1,0,11,13,17
SJ1,6,red,18,0,0,11,13,17
SJ1,7,red,20,0,1,11,13,17
SJ1,8,yellow,20,0,0,11,13,17
SJ1,9,blue,20,0,0,11,13,17
SJ1,10,blue,20,0,1,11,13,17
SJ1,11,red,20,1,0,11,13,17
SJ1,12,yellow,20,1,1,11,13,17
SJ1,13,red,20,1,0,11,13,17
SJ1,14,blue,20,0,0,11,13,17
SJ1,15,yellow,20,0,0,11,13,17
SJ1,16,yellow,20,0,0,11,13,17
SJ1,17,blue,20,0,0,11,13,17
SJ1,18,red,20,0,0,11,13,17
SJ1,19,yellow,20,0,0,11,13,17
SJ1,20,yellow,20,0,0,11,13,17
SJ1,21,blue,20,0,0,11,13,17
SJ1,22,blue,20,0,1,11,13,17
SJ1,23,red,20,0,0,11,13,17
SJ1,24,red,20,1,0,11,13,17
SJ1,25,yellow,22,1,0,11,13,17
SJ1,26,yellow,22,0,0,11,13,17
SJ1,27,blue,22,0,0,11,13,17
SJ1,28,blue,22,0,1,11,13,17
SJ1,29,red,22,0,0,11,13,17
SJ1,30,red,22,0,1,11,13,17
SJ1,31,blue,22,0,0,11,13,17
SJ1,32,red,22,1,1,11,13,17
SJ1,33,yellow,22,0,0,11,13,17
SJ1,34,blue,22,0,0,11,13,17
SJ1,35,red,22,0,1,11,13,17
SJ1,36,yellow,22,0,0,11,13,17
SJ2,1,Red,25,0,1,6,10,12
SJ2,2,Blue,20,1,0,6,10,12
SJ2,3,Blue,20,0,0,6,10,12
SJ2,4,Yellow,20,0,0,6,10,12
SJ2,5,Yellow,20,0,0,6,10,12
SJ2,6,Red,20,1,1,6,10,12
SJ2,7,Yellow,22,1,0,6,10,12
SJ2,8,Blue,21,0,0,6,10,12
SJ2,9,Red,20,0,1,6,10,12
SJ2,10,Yellow,20,0,1,6,10,12
SJ2,11,Red,20,0,0,6,10,12
SJ2,12,Red,20,1,1,6,10,12
SJ2,13,Red,20,1,1,6,10,12
SJ2,14,Yellow,20,1,0,6,10,12
SJ2,15,Blue,20,0,0,6,10,12
SJ2,16,Blue,20,0,0,6,10,12
SJ2,17,Yellow,20,1,0,6,10,12
SJ2,18,Red,20,0,0,6,10,12
SJ2,19,Blue,20,0,0,6,10,12
SJ2,20,Blue,20,1,0,6,10,12
SJ2,21,Yellow,20,0,1,6,10,12
SJ2,22,Red,20,1,1,6,10,12
SJ2,23,Yellow,20,0,1,6,10,12
SJ2,24,Blue,21,1,0,6,10,12
SJ2,25,Yellow,21,0,1,6,10,12
SJ2,26,Blue,21,0,0,6,10,12
SJ2,27,Blue,21,0,1,6,10,12
SJ2,28,Red,21,1,0,6,10,12
SJ2,29,Red,21,0,1,6,10,12
SJ2,30,Red,21,1,1,6,10,12
SJ2,31,Yellow,21,0,0,6,10,12
SJ2,32,Blue,21,0,0,6,10,12
SJ2,33,Yellow,21,0,1,6,10,12
SJ2,34,Blue,22,0,1,6,10,12
SJ2,35,Red,20,1,0,6,10,12
SJ2,36,Yellow,20,0,1,6,10,12
SJ2,1,Blue,20,0,0,11,13,16
SJ2,2,Yellow,20,0,0,11,13,16
SJ2,3,Red,20,1,0,11,13,16
SJ2,4,Blue,20,0,0,11,13,16
SJ2,5,Yellow,20,0,0,11,13,16
SJ2,6,Red,20,0,0,11,13,16
SJ2,7,Yellow,20,1,0,11,13,16
SJ2,8,Blue,20,1,0,11,13,16
SJ2,9,Red,20,1,0,11,13,16
SJ2,10,Blue,20,0,0,11,13,16
SJ2,11,Yellow,20,0,0,11,13,16
SJ2,12,Red,20,0,0,11,13,16
SJ2,13,Blue,20,0,0,11,13,16
SJ2,14,Red,20,0,0,11,13,16
SJ2,15,Yellow,20,1,0,11,13,16
SJ2,16,Blue,20,1,1,11,13,16
SJ2,17,Yellow,20,0,0,11,13,16
SJ2,18,Red,20,1,0,11,13,16
SJ2,19,Blue,20,0,0,11,13,16
SJ2,20,Yellow,20,1,0,11,13,16
SJ2,21,Red,20,1,0,11,13,16
SJ2,22,Blue,20,0,0,11,13,16
SJ2,23,Yellow,20,1,0,11,13,16
SJ2,24,Red,20,1,0,11,13,16
SJ2,25,Red,20,0,0,11,13,16
SJ2,26,Red,20,1,0,11,13,16
SJ2,27,Yellow,21,0,1,11,13,16
SJ2,28,Yellow,21,0,0,11,13,16
SJ2,29,Blue,21,0,0,11,13,16
SJ2,30,Blue,21,0,0,11,13,16
SJ2,31,Yellow,21,0,0,11,13,16
SJ2,32,Yellow,21,1,0,11,13,16
SJ2,33,Blue,21,0,1,11,13,16
SJ2,34,Red,21,1,0,11,13,16
SJ2,35,Blue,21,0,0,11,13,16
SJ2,36,Red,21,0,0,11,13,16
